id,tag,cleaner_description
1,DA,построение и поддержка отчетов для контроля качества выполняемых операций и оптимизации процессов поддержка обновления отчетов контроль полноты и корректности данных тесное взаимодействие с внутренними заказчиками бизнес аналитики финансового департамента руководители операционного блока превращение их проблем в задачи аналитики выгрузка данных из бд построение витрин данных оптимизация sql запросов улучшение bi отчетности требования высшее образование в области анализа данных математики статистики аналитика данных знание sql python на продвинутом уровне построении витрин данных и регулярной отчетности желание погружаться в бизнес процессы и разбираться как работает бизнес bi инструментами superset tableau power bi субд vertica microsoft sql airflow
2,DA,senior data analyst задачей команды data аналитики станет разработка системы автоматизированной отчетности искать инсайты и паттерны в поведении пользователей анализировать аномалии и выявлять их причины искать точки роста холдинга путем анализа данных организовывать доставку необходимых данных до дашбородов в bi генерировать гипотезы по применению данных в рамках ds проектов работать с большим массивом данных и прорабатывать метрики обрабатывать срочные ad hoc запросы роли дата аналитика уверенное владение sql python hadoop spark высшее техническое образование понимание бизнеса умение разбираться в расплывчатых формулировках заказчиков и выявлять их потребности развитые аналитические способности структурное мышление и умение излагать свои мысли стек hadoop postgresql greenplum kafka jira confluence
3,DA,специалиста по исследованию данных для аналитической поддержки внутренних клиентов разработки аналитических моделей и решений на их основе сервис аналитической поддержки принятия решений в управлении продуктами в сегментном менеджменте и стратегическом планировании блока работать с данными в масштабах находить инсайты выдвигать и проверять гипотезы обогащать цифровой профиль клиента новыми знаниями профили события контекст мотиваторы формировать рекомендации для владельцев продуктов на основании анализа клиентских данных рынка построение lookalike моделей заниматься поиском взаимосвязей закономерностей и аномалий в регулярных данных клиенты рынки опер процессы банка выявлять анализировать и интерпретировать связи между клиентами применять на практике инструменты анализа и моделирования проводить сегментацию и прогнозировать поведение участников рынка выявлять поведенческие паттерны в клиентских данных знание математической статистики и теории вероятностей опыт использования методов и алгоритмов машинного обучения хорошие навыки программирования python sql уверенное знание mlстека на python numpy pandas sklearn pytorch инструменты командной разработки git умение систематизировать данные и понятно для бизнеса описывать полученную в ходе исследований информацию опыт работы с hadoop spark как преимущество понимание работы банковского бизнеса знание sql владение языком r опыт решения задач на kaggle и подобных ресурсах умение оптимизировать код решать задачи
4,DA,junior аналитика данных обязанности общение с бизнес пользователями составлять запросы sql в clickhouse анализ сырых данных построение дэшбордов требования знания sql желательно обладать навыками работы в bi системах tableau power bi qlik и т д опыт работы в сфере анализа и оптимизации бизнес процессов организации будет преимуществом грамотная устная и письменная речь аналитика данных работа с отчетностью отделов клиентского сервиса контроль и анализ показателей kpi отделов анализ и предложение идей по улучшению процессов обслуживания клиентов рекомендации по сокращению издержек в процессах взаимодействие с другими подразделениями с целью улучшения клиентского опыта бизнес анализа понимание принципов и методологий бизнес анализа и опыт их применения навыки виртуализации и представления данных в понятной форме аналитическое мышление и умение принимать решения на основе данных и фактов продвинутые знания по для составления табличных документов
5,DA,data analyst заниматься аналитической поддержкой проекта от расчетов стандартных метрик до когортного анализа и поиска инсайтов для работы над продуктом определять и следить за ключевыми метриками проекта своевременно обеспечивать команду и руководство данными искать где возникают проблемы с использованием продукта и что можно улучшить анализировать результаты продуктовых изменений проводить аб тесты когортный анализ составлять тз разработчикам для создания новых аналитических событий автоматизировать и визуализировать выполнение рутинных задач делать регулярные и ad hoc исследования вести аналитическую отчётность знание продуктовых метрик и статистики sql bigquery или аналогичные решения python для анализа данных опыт работы с bi системами используем grafana google analytics streamlit mongoql
6,DA,анализ предметной области определением источников данных построением моделей данных и их документированием в каталоге данных взаимодействие с бизнес заказчиками выявлением и формализацией требований к построению витрин данных построение аналитических приложений bi разработка поддержка интеграционных потоков сервисов по преобразованию данных и выполнению расчетов над данными etl тестирование и поддержка внутренних инструментов управления данными подготовка технических спецификаций на реализацию внутренних инструментов автоматизации управления данными юз кейсы доменная модель бизнес логика и пользовательский интерфейс создаваемых инструментов высшее образование по направлениям информационные технологии нефтегазовое дело математика и физика опыт работы в роли аналитика данных bi аналитика или инженера данных от 2 лет уверенное владение нотациями uml er diagram class diagram use case activity diagram и соответствующими инструментами концептуального моделирования например ms visio опыт выстраивания процесса разработки и автоматизации bi приложений power bi qliksense tableau visiology или другая bi система уверенное знание sql опыт написания запросов и процедур каталог данных инструменты автоматизации обработки данных например alation alteryx openmetadata управления проектами например jira youtrack confluence понимание методологии agile
7,DA,сбор и формализация исходных данных из гетерогенных источников субд веб сервисы xls и т п настройка отчетов в инструментах bi подготовка источников формирование моделей данных составление мер и обработка данных формирование вариантов возможной технической реализации анализ и визуализация собранных данных в графическом виде контроль функциональности на предмет соответствия требованиям оформление запросов в трекере уверенное владение минимум одним из инструментов bi уверенное владение различными инструментами визуализации данных для построения отчётов дашбордов знание основ реляционных баз данных умение работать с sql запросами грамотная устная и письменная речь профильное высшее образование опыт работы в подобной должности не менее 1 года умение быстро ориентироваться в различных предметных областях приветствуется знание jira redmine трекеров
8,DA,сбор систематизация оценка и анализ данных коммерческого подразделения визуализация результатов аналитики выработка практических рекомендаций для достижения плановых показателей контроль отклонений от плановых показателей участие в разработке бизнес инициатив включая прогнозирование результатов работа с внутренней информационной базой для выполнения поставленных задач работа с яндекс метрикой и google analytics для сбора и анализа статистических данных разработка и внедрение различных методов сбора статистических данных разработка технических заданий для создания необходимых рабочих инструментов проверка реализованного функционала на соответствие требованиям требования высшее образование техническое экономическое профессиональное знание excel продвинутый пользователь навыки работы с яндекс метрикой и google analytics владение языком sql знание python опыт работы с базами данных с bi системами от 2 х лет знание различных аналитических инструментов сред программирования желательно бизнес аналитиком
9,DA,data analyst мы в департаменте big data строим внутренние продукты которые зарабатывают деньги и улучшают опыт наших покупателей продукты с высоким value для бизнеса аналитики у нас это полноценные самостоятельные единицы аналитика данных который будет помогать строить внутренние продукты дашборды и отвечать на самые сложные вопросы в компании и её продуктах что нужно делать помогать заказчикам уточнять их пожелания к результату перед тем как выполнять задачу формулировать гипотезы и проверять их на данных отвечать на свои вопросы и вопросы команд создавать отчёты для бизнес пользователей создание витрин и моделей данных визуализация в bi инструментах имплементация логики расчетов реверс инжиниринг legacy отчетов для замены qa собственных инструментов презентация результатов ad hoc запросы работать с разными продуктовыми и бизнес командами поддержка product de dev команд требования высшее образование математика бизнес информатика финансы уверенный sql на уровне оконных функций и оптимизаций запросов владение одним из bi инструментов power bi qlik sense tableau понимание принципов дизайна и сборки дашбордов понимание принципов работы хранилищ данных и etl elt процессов уверенные навыки excel power query power pivot dax владение стандартным набором python библиотек для анализа данных и умение использовать их для получения результата будет плюсом опыт работы со стеком технологий big data hadoop spark pyspark опыт работы с системами контроля версий gitlab опыт работы с apache airflow опыт применения математической статистики
10,DA,продуктового аналитика который присоединится к проекту отдел продуктовой аналитики обеспечить продуктовые команды данными отчетностью и исследованиями по активности клиентов на онлайн продуктах организовать и автоматизировать сбор данных для отчетности объединить данные систем источников и строить регулярную отчетность дашборды по клиентской активности принимать участие в исследованиях эффективности коммуникаций и точек входа путей пользователей при совершении операций помогать командам в генерации гипотез и проведении экспериментов погрузиться в процессы и текущие потребности продуктовых команд наборы необходимых метрик и методик их расчета для оценки путей клиентов обеспечить регулярный аудит качества и полноты данных о поведении клиентов а также матчинга онлайн и офлайн данных активно участвовать в разметке действий пользователей для системы продуктовой аналитики в т ч взаимодействовать с продуктовыми командами в рамках этого процесса от формирования набора метрик до написания тз и тестирования разметки уверенное владение sql и опыт работы с базами данных oracle postgres mysql google bigquery hadoop vertica sql server опыт работы с системами визуализации power bi tableau datalens superset google data studio qlikview qliksense опыт построения автоматизированной отчетности от сбора хранения подготовки данных до построения отчетов дашбордов и проведения анализа данных владение excel сводные таблицы формулы опыт работы с одной или несколькими системами аналитики appsflyer amplitude firebase mixpanel google analytics яндекс метрика appmetrica или аналогами необязательно знание инструментов для автоматизации сбора статистической обработки сырых данных python r
11,DE,data engineer чем предстоит заниматься разработка хранилищ данных витрин данных проектирование разработка и поддержка etl процессов контроль качества загружаемых данных ручные и автоматические тесты интеграция новых источников ожидания от кандидата опыт работы на позиции data engineer от 2 лет хорошее знание sql python опыт построения витрин данных опыт работы с teradata postgresql greenplum опыт использования etl инструментов apache airflow
12,DE,лида инженеров данных в выстраивании эффективной работы на стыке инженерии данных и бизнеса команду инженеров и создать процессы которые обеспечат надёжную связь между данными и бизнесом в различных продуктовых и аналитических командах помогая всему звуку понимать и использовать данные максимально эффективно организация и оптимизация процессов работы инженеров данных внутри продуктовых и аналитических команд онбординг обучение и управление ресурсами бизнес инженеров данных стандартизация и контроль практик разработки обеспечение высокого качества и доступности данных данных руководство созданием и оптимизацией пайплайнов данных контроль соблюдения регламентов и архитектурных стандартов обеспечение инженерной поддержки продуктовым командам для решения конкретных бизнес задач тесное сотрудничество с продуктовыми и аналитическими командами для обеспечения эффективного использования данных в процессе принятия решений уверенные навыки разработки spark sql trino airflow s3 python способность эффективно общаться и взаимодействовать с бизнесом опыт внедрения и контроля стандартов разработки опыт работы с моделированием и обеспечением качества данных глубокое понимание методологий анализа данных и процессов etl навыки взаимодействия с продуктовыми и аналитическими командами самостоятельность проактивность и инициативность в предложении улучшений и оптимизации процессов знание алгоритмов анализа данных и способность применять их для решения конкретных бизнес задач знакомство с соответствующими инструментами и библиотеками для анализа данных такими как pandas scikit learn или их аналогами будет плюсом понимание принципов децентрализованной архитектуры данных и подходов data mesh управления командой в условиях матричного подчинения опыт работы с dbt
13,DE,позволит обеспечить доступ к data driven решениям всем сотрудникам компаний при построении платформы мы нацеливаемся на применение гибкой архитектуры data lakehouse и open source технологий если ты любишь разбираться в архитектуре хранилищ данных и интеграционных процессах ценишь чистоту простоту и понятность в данных и программном окружении понимаешь как данные встраиваются в процесс принятия решений изучение текущей инфраструктуры и оптимизация сбора и обработки данных поступающих из различных источников участие в проектировании архитектуры хранилища реализация организация и поддержка объектов на всех слоях хранилища разработка etl пайплайнов разработка и доработка интеграционных элементов коннекторов внутренних сервисов организация мониторинга работы хранилища и качества данных управление доступом к данным разработка и поддержка ролевой модели поддержка аналитиков в вопросах оптимизации и документирования со стороны платформы взаимодействие с командами разработки и аналитики на предмет создания оптимальной и удобной структуры хранения и обработки данных комплексное понимание архитектуры аналитических решений понимание работы различных субд sql nosql oltp olap и современной it инфраструктуры infrastructure as code контейнеризация облачные решения понимание особенностей распределенного хранения и обработки данных уверенное знание хотя бы одного языка программирования python java углубленное знание sql понимание подходов к организации процессов разработки ci cd devops понимание принципов data governance основ управления качеством данных подхода данные как продукт
14,DE,команде системных администраторов основная задача команды обеспечение непрерывности и бесперебойности работы высоконагруженных систем и баз данных проект связан с администрированием баз данных postgresql для задач разработки по и предполагает работу в сотрудничестве с разработчиками бд по созданию и сопровождению тестовых баз оптимизации запросов анализу производительности и поиску оптимальных и альтернативных способов решения поступающих задач а также участие в интеграционных проектах совместно с командой инфраструктурной платформы задачи установка настройка эксплуатация мониторинг состояния субд postgresql диагностика устранение сбоев обеспечение бесперебойной работы и повышение надежности и доступности эксплуатируемых баз данных резервное копирование клонирование и восстановление бд аналитика производительности бд выявление и устранение проблем производительности администрирование unix на уровне dba задачи на стыке администрирования и devops написание скриптов автоматизации опыт администрирования бд разных версий postgresql и оптимизации sql запросов знание архитектуры и механизмов функционирования субд postgresql операционных систем семейства unix продвинутый пользователь английского на уровне чтения технической документации структурированного языка запросов sql общих принципов работы какого либо семейства серверов приложений weblogic websperejbosstomcat и т д их взаимодействия с бд
15,DE,dba обеспечение отказоустойчивости и доступности баз данных mysql postgresql clickhouse поддержка etl систем резервное копирование восстановление из резервных копий мониторинг оптимизация производительности бд отладка troubleshooting обеспечение информационной безопасности бд взаимодействие с командой разработчиков бд подготовка и выгрузка данных для отдела аналитики опыт работы с различными типами субд mysql postgresql clickhouse mongodb redis понимание принципов работы субд широкий кругозор в этой области опыт работы с etl системами и системами отчетности понимание и практический опыт построения отказоустойчивых систем опыт работы с системами управления конфигурациями ansible уверенное знание sql будет плюсом опыт работы с сервисами очередей rabbitmq kafka понимание принципов работы ci cd систем контроля версий у нас gitlab опыт работы с системами виртуализации системами управления контейнерами практический опыт обработки большого объема логов
16,DE,data engineering team lead работать с данными независимо от их формата метода хранения и эксплуатации концепции infrastructure as code iac и состоит из нескольких независимых программных продуктов и сервисов на базе jvm scala и kubernetes она обеспечивает высокий уровень потоковой обработки и хранения данных управления доступом и метаданными а также контролем их использования в периметре частных облачных сред технологический стек языки программирования scala python обработка и хранение данных spark kafka clickhouse cassandra elasticsearch прочие технологии и фреймворки finagle jackson scalatest docker задачи техническое руководство группой разработчиков декомпозиция задач ревью кода реализация компонентов платформы связанных с обработкой больших данных реализация распределенных алгоритмов на больших данных и внедрение моделей машинного обучения формирование и обработка больших наборов данных участие в найме и обучении команды участие в разработке архитектуры платформы наши ожидания профильное образование информационные технологии статистика математика опыт коммерческой разработки от 5 7 лет понимание принципов современной разработки в сфере big data достоинств и недостатков различных фреймворков знание особенностей реализации различных алгоритмов и структур данных будет плюсом опыт технического руководства командой опыт работы с apache spark flink kafka опыт работы с распределенными бд cassandra hbase elasticsearch и т д глубокое понимание особенностей архитектуры jvm
17,DE,проектировать разрабатывать и поддерживать оркестратор на базе apache airflow участвовать в выборе используемых технологий и компонентов внедрять и сопровождать технические решения автоматизация сервисов мониторинг работа с тейблспейсами создание учетных записей и прочее писать техническую документацию разрабатываемых решений уверенное владение python backend на flask опыт работы с docker опыт работы с kubernetes на уровне создания конфигурирования приложения в кластере опыт работы с teamcity создание управление ci cd процессами будет плюсом опыт работы с субд знание bash опыт работы с большими данными hadoop spark kafka
18,DE,разработка и настройка механизмов управления и оркестрации etl elt процессами поддержка и продуктивизация скриптов etl python разработка интеграционного взаимодействия rest api разработка скриптов трансформации данных разработка и поддержка интеграционных потоков c различными источниками данных airflow apache nifi решения проблем эксплуатации управление местом зависшие запросы мониторинг производительности установка настройка сетевого взаимодействия выполнение требований к формату данных предобработка входящих данных из систем источников на этапе экстракции данных высшее образование it техническое опыт работы с etl как промышленные так и самописные инструменты опыт разработки и настройка механизмов управления и оркестрации etl elt процессами опыт поддержки и продуктивизация скриптов etl python опыт разработки интеграционного взаимодействия rest api опыт dba в части улучшения производительности субд
19,DE,разработкой внедрением и сопровождением собственной субд на основе open source решения postgresql требования по производительности надежности и кибербезопасности как внутренние так и требования внешних регуляторов нам предстоит спланировать и мигрировать на собственную субд все основные автоматизированные системы компании а это тысячи инсталляций в различных катастрофоустойчивых конфигурациях миграция происходит в основном с самых популярных субд oracle ms sql postgresql vanilla инженеры эксплуатации с опытом сопровождения субд предпочтительно postgresql администрировать backup recovery performance high availability monitoring и т д баз данных postgres pangolin банка в полном объеме автоматизировать процессы администрирования баз данных postgres pangolin банка принципы работы реляционных баз данных sql написание запросов требуемых для дба в работе оптимизация производительности на уровне экземпляра запроса операционной системы linux с точки зрения дба инструменты и стратегии резервирования баз данных приветствуются навыки написания технической документации необходимый опыт опыт работы в сфере сопровождения администрирования баз данных
20,DE,postgresql в виде сервиса для команд разработки предоставление новых кластеров postgresql командам разработки накопление экспертизы автоматизация знаний по сопровождению и внедрение их на все кластеры этого вида бд анализ производительности кластеров бд и поиск узких мест оптимизация и тюнинг запросов конфигурации мониторинг postgresql компонентов его стека и ос linux участие в дизайн ревью консультирование проектов в выборе оптимальной для поставленной задачи базы данных работа в команде обмен опытом совместное владение и управление знаниями формирование целей развития группы бд используемые технологии и практики ansible python git postgresql etcd patroni pgbouncer haproxy keepalived barman filebeat diamond telegraf linux teamcity bash graphite grafana sentry gitlab ci опыт проектирования и сопровождения высоконагруженных кластеров postgresql понимание основ реляционных баз данных построение и оптимизация индексов знание типов данных и специфики работы с ними опыт оптимизации sql запросов навыки работы с системой резервного копирования postgresql знания и опыт работы с ос linux centos ubuntu almalinux опыт автоматизации процессов сопровождения ansible bash python и др опыт работы с etcd patroni pgbouncer haproxy keepalived с системой контроля версий git с системами мониторинга zabbix graphite
21,DMS,менеджер по маректингу product marketing manager разработка и реализация продуктовой стратегии участие в разработке и выводе новых продуктов на рынок продвижение продукции стм участие в разработке стратегии маркетинговой коммуникации по продукту создание rich контента проработка карточек товара написание статей и сценариев анализ abc bcg анализ рынка оценка перспектив и направлений его развития оценка и анализ конкурентной продукции ценообразование модельного ряда анализ ассортимента и управление ассортиментной политикой преимуществом будет опыт участия в разработке и выводе на рынок новой продукции в промышленном сегменте мы попросим на собеседовании рассказать об этом умение говорить цифрами опираться на аналитику опыт работы в производственно торговой компании с развитой дилерской и филиальной сетью от 3 лет профильное высшее образование уверенное владение 1с вы можете построить динамику продаж конкретному клиенту высшее образование грамотная устная и письменная речь широкий кругозор креативность свежий взгляд самостоятельность инициативность
22,DMS,продакт маркетинг менеджера который будет отвечать за привлечение формировать стратегию привлечения и развивать направление строить продуктовые воронки и отвечать за рост конверсий внутри них этапы с0 и с1 воронки растить количество регистраций по каналам привлечения проектировать и проводить эксперименты на посадочных страницах для роста конверсии в регистрацию находить новые каналы продвижения и контролировать работу с текущими каналами проводить исследования конкурентов рынка пользователей ставить задачи кросс командам аналитикам командам маркетинга и разработки опыт работы с digital продуктом от 2 лет ты используешь системный подход при проверке продуктовых гипотез на основе аналитики исследований и логики ставишь в приоритет построение отличного пользовательского опыта умеешь контролировать сроки и качество исполнения работу над продуктом как развитие собственного бизнеса насмотренность в дизайне и текстах опыт в маркетинге и работе с упаковкой продуктов работа в edtech
23,DMS,отдела маркетинга специалиста по контекстной рекламе директолога создание и ведение рекламных кампаний в яндекс директ google adwords подбор ключевых фраз подготовка рекламных объявлений быстрых ссылок уточнений описаний фотографий видео загрузка кампаний прохождение модерации регулярный мониторинг и анализ эффективности рекламных кампаний оперативное внесение изменений в них текущие работы с действующими кампаниями минусовка проверка посадочных отключение запросов по товарам если их нет в наличии обновление текстов корректировка заголовков web аналитика яндекс метрика google analitics отчетность по рекламным кампаниям контроль расходования бюджета на контекстную рекламу оптимизация затрат конкурентный анализ и предложения по контрмерам поиск и тестирование новых рекламных инструментов контекстной рекламы имеет высшее образование либо среднее специальное работал с системами яндекс директ и google adwords знает и успешно использовал в работе системы аналитики яндекс метрика и google analitics принципы работы счетчиков настройки сегментов и аудиторий построение отчетов умеет настраивать ретаргетинг опытный пользователь excel и работал с большими объемами данных обладает аналитическим складом ума
24,DMS,product manager обеспечивающую полный цикл операций команда сро product manager cje cje разработка и запуск продукта с нуля подготовка согласование материалов на коллегиальные органы ценовые неценовые параметры формирование бизнес требований по доработкам по формирование гипотезы и создание дизайна экспериментов для их проверки тестирование доработок по со стороны бизнеса опыт работы в продуктовой аналитике развитии запуске продуктов
25,DMS,направление оптимизации конверсий и пройдёт с нами путь от 100 млн продаж до 1 млрд продаж в месяц создавать и оптимизировать лендинги формы захвата ctas лидмагниты и прочие элементы воронок для кратного роста romi воронок привлечения выстроить процесс создания ценности как основы маркетинговой воронки подарки трипваеры мини продукты маркетинг через реальную ценность создать cjm прогрева холодных клиентов посадки цепочки коммуникаций сегментация базы стратегия работы с сегментами тестировать и запускать новые продукты от новых бесплатников до новых профессий и даже бизнес моделей заказывать end to end аналитику воронок cr c0 c1 cpl romi измерять и управлять всеми ключевыми точками конверсии от визита до оплаты непрерывно искать сильные гипотезы улучшений этапов работая с аналитикой исследуя конкурентов и проводя custdev пользователей выстроить процесс a b тестирования сильные гипотезы простые проверки стат значимые результаты раскатка и систематизация знаний знать пользователя лучше чем родных боли потребности страхи мотиваторы этапы зрелости как говорить что продавать работать в команде как с ceo компании в вопросах позиционирования так и с отделами дизайна разработки аналитики руководителями каналов маркетинга характер предпринимателя digital product или digital marketing оптимизации конверсий или на аналогичной позиции опыт работы с цифровой аналитикой a b тестированием знает ключевые метрики воронок заказывает и читает дашборды работает с яндекс метрикой базовое понимание принципов работы ключевых каналов маркетинга их отличий готовность работы в партнёрстве с руководителями каналов сильные аналитические навыки анализирует конкурентов выясняет их причины роста разбирается в проблемах и вычленяет ядро эмпатию и глубокий бытовой интеллект умеет считывать пользователя понимает его хотелки и перестраивает все материалы сквозь эту призму может написать сильную страницу продающего текста или нарисовать концепт лендинга в miro
26,DMS,digital маркетинга развитии наших продуктов разработка продуктовой стратегии образовательных онлайн продуктов для врачей анализ конкурентов для постоянной оптимизации конкурентоспособности продукта выдвигать и проверять продуктовые гипотезы определять дальнейшие направления развития продукта планировать roadmap рассчитывать кейсы защищать перед стейкхолдерами исследование потребностей клиента проводить custdev собирать обратную связь определять потребности и боли клиентов формирование ключевых метрик продукта nps churn rate ltv etc разработка roadmap формирование фич листа исследование опыта существующих клиентов разработка vision продукта и концепции тактики выведения продукта на рынок разработка бизнес моделей для продукта опыт работы в digital маркетинге от 1 года понимание и экспертиза в основных каналах продвижения sem медийная реклама реклама в социальных сетях smm seo e mail быстрая проверка гипотез организация тестирования поиск новых идей для вывода продукта на рынок понимание продуктовой аналитики умение мыслить метриками принимать решения на основе данных аналитические навыки умение работать с большими массивами информации
27,DMS,cje ипотечный продукт cje в компанию обеспечивающую полный цикл операций с недвижимостью команда сро product manager cje и сейчас в поиске еще одного cje уровня middle работаем по методологии agile чем предстоит заниматься разработка и запуск ипотечных продуктов банка со стороны бизнеса для премиум клиентов подготовка согласование материалов на коллегиальные органы ценовые неценовые параметры формирование бизнес требований по доработкам по формирование гипотезы и создание дизайна экспериментов для их проверки тестирование доработок по со стороны бизнеса информационное сопровождение продукта информирование сети продаж написание памяток взаимодействие со смежными подразделениями и внешними партнерами контрагентами что ожидаем от тебя опыт работы в банковском секторе опыт работы в продуктовой аналитике развитии запуске продуктов опыт работы в ms excel структурирование информации сводные таблицы набор базовых функций составление формул и связей из показателей
28,DMS,product marketing manager для работы по продвижению технически сложных продуктов и платформенных решений компании проводить анализ рынка и конкурентного окружения по линейке продуктов прорабатывать конкурентную стратегию разрабатывать рекомендации прогнозы развитие динамики важных показателей и маркетинговые стратегии заниматься подготовкой аналитических материалов по основным трендам рынка телекоммуникаций и финансового сектора а также обзоров целевых рынков изучать функциональные особенности продвигаемого продукта разрабатывать маркетинговую документацию custdev собирать информацию о клиентах исследовать коммерческие потребности клиентов и взаимодействовать с бизнес подразделениями клиентов исследование roadmap и перспективных идей что для нас важно роли product marketing manager готовность разрабатывать документацию для коммерческих предложений описание идеи функциональный дизайн пользовательские инструкции и т д техническая грамотность знание основных технических и технологических трендов умение строить долгосрочные взаимовыгодные партнерские отношения отличные коммуникативные навыки и аналитические способности когда даже самые сложные ит термины можно описать простыми словами и примерами дополнительно оценим высшее техническое образование опыт развития программных b2b платформ low code no code автоматизация процессов
29,DMS,запускать и оптимизировать рекламные кампании в яндексдиректе авито и интернетмагазине разработкой конверсионных лендингов планирование и проведение ав тестирования настройка email маркетинга создание автоцепочек тестирование писем анализ их эффективности понимание механизмов seoоптимизации сайта seoаудит сайта подготовка тз постановка и контроль подрядчиков имеете успешный опыт привлечения лидов опыт работы с большими бюджетами на трафик умение расставить приоритеты и укладываться в срок без напоминаний аналитическое мышление и умение систематизировать информацию данная вакансия подойдёт кандидатам рассматривающим для себя следующие вакансии маркетолог интернетмаркетолог digitalмаркетолог
30,DMS,digital маркетинга продакт маркетинг менеджер по программы лояльности опыт работы в bigtech в направлении продуктового маркетинга будет преимуществом опыт работы создания программы лояльности сильные коммуникативные навыки умение работать в большой команде ставить задачи и отвечать за результат умение самостоятельно выявить потребность сформулировать гипотезы и критерии проверки провести анализ и презентовать результат хорошие аналитические способности креативность и умение находить инсайты из данных формировать стратегию развития продукта программа лояльности и отвечать за процесс его разработки с командой it лидировать развитие единой программы лояльности от расчета бизнес кейсов до подготовки бизнес требований и cj отвечать за позиционирование программы лояльности на рынке и внутри компании осуществлять интеграцию маркетинговых бизнес процессов в продукт создавать новые механики программы лояльности и оптимизировать их формировать систему kpi вместе с командой аналитиков считать анализировать экономику продукта строить прогнозы достижения метрик и отвечать за их рост искать новые источники развития и проверять гипотезы вместе с командой аналитиков и маркетинга взаимодействовать с кросс функциональными командами маркетинг коммерция разработка e commerce и др
31,DS,создание моделей машинного обучения для широкого спектра задач нефтегазового бизнеса от классификаторов на табличных данных до cv в экологии тестирование доработка и внедрение моделей в production работа со специалистами для поиска узких мест бизнес процессов и подбора решений на базе ml опыт реализации и применения моделей машинного обучения понимание основных методов и алгоритмов machine learning и deep learning cv nlp язык программирования python владение sklearn scipy pytorch git docker будет являться преимуществом владение dvc ml flow способность ознакомиться с новой ml статьей и реализовать предлагаемый в ней подход опыт работы с бд
32,DS,data scientist nlp участие во всех циклах разработки моделей машинного обучения поддержка существующих моделей и анализ данных об их работе сбор подготовка и обработка различных источников данных решение подзадач llm driven проекта умного ассистента участие в формировании задач опытом работы с nlp от полугода пониманием принципов работы трансформеров и базовых подходов в разработке с llm shot lora rag reasoning rlhf и т д опытом работы с библиотеками pytorch transformers и др умением работать с различными источниками данных умение обрабатывать и анализировать данные из различных источников включая базы данных файлы api и т д опытом работы с sql git docker знание и опыт работы с основными технологиями и инструментами для работы с данными и разработки
33,DS,nlp специалиста суммаризация кластеризация и теги отзывов размещенных на маркетплейсе учет жалоб продавцов на отзывы определение достоверности жалоб и учитывать ее для исключения отзывов из расчета рейтинга определять и исключать отзывы не относящиеся к товарам продавцам анализ и расчет полезности по содержанию и читаемости навыки разработки на python опыт разработки nlp моделей как классических так и продвинутых ner pos tagging знание sota подходов умение их объяснить команде понимание архитектуры и принципов устрои ства и обучения больших лингвистических моделеи llm генеративных трансформеров типа gpt bert tokenizing position encoding masked multihead attention batch layer normalization и т д опыт работы с docker и clickhouse
34,DS,разработкой моделей оценки кредитного риска в корпоративном сегменте скоринг и monte carlo разработкой cv решений на основе фотографий с объектов строительства разработкой nlp решений на основе данных документооборота банка написанием документации о результатах моделирования участием во внедрении моделей в промышленный контур работать с ds стэком python scikit learn numpy pandas oracle postgresql docker matplotlib seaborn опыт от 3 лет в ml обязательно знать классические алгоритмы лог рег деревья и тд опыт реализации задачи от первоначальной идеи до работающего сервиса опыт в подготовке моделей к использованию в промышленном контуре flask docker pep 8 fast api проч знание теории вероятностей и математической статистики опыт в nlp cv кредитном скоринге построении monte carlo моделей
35,DS,ml инженер проведение исследований поведения пользователей продумывание и разработка алгоритмов работы сервисов на основе nlp продумывание и разработка алгоритма работы участие в оценке и интерпретации экспериментов в продукте python sklearn seaborn numpy scipy statsmodels pytorch clickhouse postgresql redis etc airflow flaskapi fastapi bitbucket jira confluence знание основ математической статистики и основных методов расчета a b тестов а также интерес к другим методикам bootstrap cuped diff in diff и др глубокое понимание области nlp опыт вывода нейронных сетей в продакшен знание методов ускорения инференса нейронных сетей знание методов ранжирования уверенное владение и опыт разработки на python уверенное владение sql опыт в разработке и выкатке в продакшн ml моделей
36,DS,95 наших моделей разрабатываются с применением облачных технологий мы придерживаемся единого стандарта работы используем jiraconfluencebitbucket у нас есть единый бэклог погружаемся в предметную область прорабатываем постановку задачи ищем и исследуем данные выбираем оптимальные методы моделирования разрабатываем и верифицируем модели готовим отчеты о разработке и презентуем результаты мониторим модели обязанности разрабатывать и улучшать инструменты для машинного обучения внутренние наработки библиотеки использовать прогнозное моделирование чтобы оптимизировать бизнес риск метрики работать в команде с портфельными менеджерами чтобы понять нужды бизнеса и предложить возможные решения разрабатывать модели машинного обучения разрабатывать архитектуру пилотов для тестирования гипотез прокачивать коллег и развиваться самим требования диплом в области компьютерных наук статистики прикладной математики или другой релевантной области опыт работы от 3х лет с одной или несколькими субд oracle ms sql teradata либо субд стэка bigdata опыт работы с хранилищами данных от 1го года опыт работы в роли аналитика с функцией подготовки выгрузки данных для заказчика сильные компетенции в области реляционных субд и хранилищ данных глубокое понимание статистических подходов и методов регрессия свойства распределений оценка максимального правдоподобия проверка гипотез и их правильное использование и опыт их применения знания и опыт применения алгоритмов машинного обучения glmregression trees random forest boosting а также знание их преимуществ недостатков и ограничений знание принципов работы нейронных сетей и опыт использования библиотек для их обучения keraspytorchtensorflow знание python и основных ds библиотек отличные знания английского языка устный и письменный как преимущество опыт в распределённыхпараллельных вычислениях с помощью следующих технологий hadoop spark dask и другие как преимущество развитая it архитектура мощный gpu кластер возможность расчётов на суперкомпьютере top30 в мире
37,DS,сбор и обработка данных из корпоративных информационных хранилищ прогнозирование временных рядов клиентской активности методами arima отработка гипотез и поиск оптимальной модели построение интерпретируемых моделей внедрение модели в промышленную среду вывод модели в production высшее техническое образование опыт разработки на python опыт работы с основными фреймворками для машинного обучения pytorch tensorflow pandas numpy xgboost catboost huggingface arima и пр понимание и опыт использования современных архитектур нейронных сетей для задач обработки nlp навык трансформации истории диалога с представителями заказчика в фичу
38,DS,lead senior data scientist развитие практики продвинутой аналитики понимание специфических потребностей в аналитике для различных сегментов производственной индустрии включая металлургию нефть и газ нефтехимию и другие определение перспективных функциональных направлений в области аналитики и технологий ai cv nlp классический ml оптимизация др развитие набора услуг включая анализ текущего состояния разработку карты развития внедрение систем и создание прототипов цифровых продуктов на основе ml формирование и реализация go to market стратегии для продуктов и услуг в области ai поддержка альянсов с ведущими поставщиками технологий в области ai участие в тематических отраслевых и технологических выставках и конференциях продажи взаимодействие с потенциальными заказчиками с целью выявления их потребностей в области развития аналитических решений и продуктов на основе ml анализ текущей архитектуры заказчика и разработка наиболее подходящих решений на базе технологий ai подготовка коммерческих предложений включая экономические обоснования и бизнес кейсы для цифровых продуктов формирование команды для реализации проектов и координация их выполнения участие в проектах в роли эксперта в области ai проработка аналитических решений и цифровых продуктов на базе моделей машинного обучения компьютерное зрение обработка и генерация текста классический ml алгоритмов оптимизации и др проработка операционных моделей для успешной эксплуатации аналитических решений контроль качества выполнения проектов и обеспечение их успешной реализации ведение ключевых проектов в области ai до 50 времени практический опыт работы в области data science и machine learning в производственной индустрии опыт внедрения аналитических решений от ведущих поставщиков и с использованием open source технологий в роли data science специалиста ml инженера специалиста по оптимизации умение разрабатывать бизнес кейсы проводить пилотные проекты и обеспечивать успешное внедрение решений опыт работы по методологии не ограниченной жесткими рамками waterfall знание систем хранения и управления данными включая вендорские и open source решения навыки разработки технической документации и взаимодействия с представителями вендоров глубокое понимание современного рынка продуктов и технологий в области ai опыт управления командами исследователей инженеров и консультантов в области ai
39,DS,развитии навыков анализа данных и машинного обучения на примере решения реальных бизнес задач в области интернет рекламы начиная с предобработки данных и заканчивая отчетом о полученных результатах участие в разработке сценариев применения data science для заказчиков формулировка и проверка гипотез предобработка данных кластеризация пользователей построение machine learning моделей атрибуционное моделирование и измерение эффективности онлайн кампаний подготовка bi дашбордов по итогам анализа участие в оформлении и презентации результатов внутри компании и клиентам требования уверенное знание математической статистики и теории вероятностей знание python на уровне библиотек по работе с данными pandas numpy scipy и т д знание веб аналитики и основных систем знает где в консоли браузера можно посмотреть запрос к серверу понимает чем отличаются ga и firebase умеет прочитать json знание основ и моделей машинного обучения библиотеки scikit learn lightgbm знание баз и хранилищ данных sql знакомство с трендами и технологиями в области data science умение читать техническую документацию английском языке есть опыт работы на рынке диджитал рекламы английский язык от b2 знание командной строки знание базовых shell команд знакомство с инструментами визуализации данных bi наличие пройденных онлайн курсов ods coursera желание презентовать результаты проекта заказчику на конференции умение представить результаты анализа в понятном виде для не профессионала опыт работы в big query и google cloud storage
40,DS,python c основные библиотеки и фреймворки numpy scipy pandas matplotlib seaborn sklearn tensorflow pytorch git docker mlflow проведение исследований по применению методов обучения с подкреплением для решения прикладных транспортных задач поиск и анализ новых перспективных технологий искусственного интеллекта генерация идей и гипотез для проведения исследований и обоснование их реализуемости и практической значимости взаимодействие с бизнес заказчиками и экспертами в предметной области в части защиты и продвижения проектных идей и гипотез организация работы команды специалистов в части реализации проектов постановка и распределение задач внутри команды контроль сроков и результатов развитие компетенций членов команды подбор кандидатов и проведение интервью с целью формирования команды участие в разработке учебных кейсов в области машинного обучения подготовка публикаций и выступление на профильных конференциях высшее техническое или физико математическое образование отличное знание методов и принципов машинного обучения понимание жизненного цикла разработки ml моделей принципов организации и проведения исследовательских ai проектов знание и опыт применения алгоритмов на основе глубоких нейронных сетей знание и опыт применения основных алгоритмов reinforcement learning dqn ppo и т д опыт работы над проектами с применением обучения с подкреплением на позиции ведущего специалиста или руководителя группы опыт разработки на языке python и использования основных библиотек для анализа данных pandas numpy matplotlib scikit learn и т д и фреймворков глубокого обучения pytorch tensorflow уверенное владение linux git docker опыт использования систем для планирования и трекинга экспериментов таких как clearml mlflow neptune пожелания к личностным качествам ответственность самостоятельность развитые коммуникативные навыки желательно знание с знаний sql и опыт работы с базами данных в области ds ml
41,Full,php7 mysql yii2 javascript vue и др разработка новых и сопровождение существующих онлайн сервисов разработка архитектуры проекта с нуля участие в полном цикле разработки обсуждении и подготовке задач ведение документации по коду проведение code review написание тестов поддержание кода в рамках стандарта psr psr 12 командная работа agile scrum sprint extreme programming опыт работы от 2 х лет знание принципов ооп solid уверенные знания php 7 уверенные знания mysql и оптимизации запросов опыт работы с git опыт работы в команде знание принципов dry kiss yagni опыт работы с фреймворком yii2 или аналогичным знание шаблонов проектирования опыт работы с js vue или другим реактивным фреймворком знание и опыт верстки html css scss уверенные знания и навыки работы с консолью linux опыт конфигурирования веб сервера знание и опыт работы с elasticsearch опыт проведения code review опыт работы по agile scrum
42,Full,senior full stack в составе формируемой команды разработать новый продукт для рынка b2b и b2c без поддержки огромного легаси лично участвовать в разработке архитектуры управлять процессами создания и развития целевой архитектуры по оптимизировать производительность участвовать в scrum мероприятиях планирование daily обзор спринта ретроспектива регламентировать работу разработчиков направленную на повышение качества исследовать и устранять узкие места архитектуры настраивать системы мониторинга и контроля обеспечивать отказоустойчивость и доступность сервисов обеспечивать наполнение базы знаний для повышения прозрачности процессов разработки и управления архитектурой имеете опыт разработки web приложений и сервисов знаете php javascript имеете опыт работы с postgresql умеете настраивать среду для быстрой диагностики проблемных мест и ошибок умеете производить диагностику производительности имеете опыт интеграции с различными сервисами занимались импортом экспортом больших объемов данных понимаете процессы разработки по на глубоком уровне умеете проводить аудит процессов код ревью имеете опыт работы с микросервисной архитектурой занимались оптимизацией запросов к базам или кода работали и настраивали поисковые движки sphinx elastic
43,Full,реализовывать интересные проекты и развиваться вместе с нами успешный опыт коммерческой разработки на одном из серверных языков php python ruby nodejs высокий уровень знаний front end технологий javascript jquery angular react js vue js опыт работы с git опыт работы с реляционными mysql postgresql и nosql базами данных постоянное развитие и изучение новых web технологий
44,Full,разработка программного обеспечения систем безопасности области php react javascript database создание новых релизов продуктов поддержка и развитие оптимизация кода под высокие нагрузки управление командой разработки требования front end amp back end react php js mariadb clickhouse tcp ip технический английский будет плюсом опыт разработки приложений на с c под linux занимается веб разработкой отлично знает php знает html css работал на laravel и vue3 опыт с yii2 будет преимуществом работал с git базово владеет javascript jquery будет плюсом если ты умеешь составлять и оптимизировать сложные sql запросы раньше взаимодействовал с разнообразными сервисами по api знаешь базовые паттерны программирования и понимаешь когда их использовать соблюдаешь рекомендации psr
45,Full,подготовка проектов взаимодействие с владельцами ис взаимодействие с подрядчиками внедрение развитие и поддержка ис понимание принципов дизайна уверенное владение php7 и sql знание 1с битрикс компоненты шаблоны и модули уверенные знания и опыт проектирования и работы с бд mysql уверенное знание html5 css3 jquery javascript ajax json rest react ruby опыт работы с git умение писать понятный документированный код владение технологиями верстки web страниц уверенные знания и опыт конфигурирования nix систем
46,Full,современного стека технологий reverse engineering hardware схемотехника fpga разработка под микроконтроллеры и т д чем будешь заниматься разрабатывать аналитические системы разрабатывать back end на python разрабатывать frontend vue js работать с данными обработка анализ поиск данных образование незаконченное или законченное высшее техническое it математика информационная безопасность высокие технологии физика и т д опыт разработки на python опыт написания backend django fastapi starlette опыт написания простых frontend vue js понимание основ работы сетей tcp ip http ssl знания ос linux опыт работы с git умение работать в команде обучаться разбираться с новыми технологиями самостоятельно читать книги и повышать свою квалификацию английский на уровне чтения технической литературы имеете опыт программирования сетевого взаимодействия имеете опыт асинхронного или многопоточного программирования на любом языке имеете опыт конфигурирования ci gitlab имеете опыт работы с очередями сообщений rabbitmq имеете опыт конфигурирования linux серверов имеете опыт работы с docker имеете опыт работы в jira
47,Full,fullstack developer python разработчика участие в разработке и поддержке программного обеспечения обеспечивающего работу производственных предприятий написание и поддержка юнит тестов для своего кода проработка и защита перед коллегами архитектуры модулей командная работа по уточнению задач и оптимальных путей реализации доработок работа со стеком технологий python postgresql rest api django react или vue js хорошее знание языка python от 2 х лет опыт работы с системами контроля версий git svn опыт работы с реляционными бд знание sql умение работать самостоятельно на результат умение адекватно оценивать задачи и выполнять их в срок знание и опыт с react vue js написания юнит тестов опыт с pyqt
48,Full,full stack разработчика развить наш сайт и взобраться ему на топ выдачи в поисковиках разрабатывать быстрые решения для тестирования гипотез в рамках growth использовать всевозможные решения для достижения быстрого результата в том числе no code внедрять события для сбора аналитики интегрировать сторонние сервисы подключать новые каналы в систему сквознои аналитики задачи в рамках growth разработка платформы youtalk профессионального опыта web разработки умеешь работать с figma отличное знание typescript опыт работы с react опыт работы с gatsby опыт работы с mindbox опыт работы с mongodb опыт работы с node js пожелания опыт работы с amplitude опыт с next js умеешь работать без пошагового тз ожидаемые результаты через 3 месяца 30 веб саи та перевезены на next js понимание процессов внутри команды и работы всеи системы в целом своевременное исполнение поставленных задач
49,Full,python full stack developer на сервере python3 django django rest framework celery postgresql redis на клиенте у нас angular python не менее 3 лет работы имели опыт работы с django или другими веб фреймворками знали angular или были готовы его изучить понимали архитектуру клиент серверных приложений имели опыт работы с json xml опыт работы с javascript react typescript nexjs будет плюсом имели опыт работы с git работа с docker kubernetes понимание процессов ci cd будет плюсом требования bootstrap css html js sass знания php 8 и принципов опп опыт работы с curl sql базами данных mysql 1с битрикс опыт адаптивной верстки css анимации flex box умение работать с репозиториями git bitbucket scss nodejs опыт работы со сборщиками webpack gulp
50,Full,full stack разработчик php фронтенд верстка средне выше среднего адаптив flex grid bootstrap gulp js бекенд разработка под 1с битрикс шаблоны компоненты модули проектирование реализация развитие и поддержка корпоративных сайтов нашей компании развитие внутренних инструментов компании умение качественно верстать flexbox grid имеете опыт работы с php javascript есть опыт работы с 1с битрикс умеете работать с бд mysql индексы оптимизация запросов необходимые soft skills ответственность инициативность аналитический склад ума
51,ProjM,менеджер для ведения текущих проектов ведение проекта на протяжении всего жизненного цикла планирование и контроль списка задач сроков ресурсов и бюджета работа с предупреждением рисков и обеспечение качества проекта коммуникации с клиентом и заинтересованными сторонами по проектам решение конфликтных ситуаций управление командой разработки аналитики программисты тестировщики ведение документооборота по проекту договора счета акты технические задания сбор дебиторской задолженности обеспечение реализации проекта согласно планам контроль за соблюдением порядка внутри проекта и внесением в него изменений опыт руководства разработкой проектов в it сфере умение принимать решение и нести ответственность за них умение доводить поставленные задачи до результата дожимать стрессоустойчивость умение трезво оценивать ситуацию в любых условиях грамотная письменная и устная речь умение систематизировать большие объемы информации плюсом будет опыт настройки битрикс24 наличие сертификатов опыт продаж it продуктов опыт создания технической документации по проекту
52,ProjM,участие в реализации проекта развития системы ситуационно аналитических центров безопасности и цифровизации функции обеспечения процесса коммуникации и взаимодействия с разработчиками пользователями и владельцами корпоративных систем проверка тз на соответствие требованиям нтд рф в части проектных работ организация проектирования и контроль за проектными работами авторский надзор за реализации технического лица проекта организация проведение экспертизы проектной документации и контроль устранения замечаний согласование изменений в параметрах проекта с учетом технологии реализации проекта организация работ по подготовке номенклатуры и объема мтр разработка и согласование комплектовочных ведомостей на закупку мтр контроль сроков поставки мтр постоянное взаимодействие с участниками команды проекта синхронизация деятельности по повышению эффективности реализации проекта взаимодействие с персоналом подрядчика высшее образование релевантный опыт работы от 3 х лет опыт контроля эффективности работы команды разработчиков оценки эффективности знание особенностей реализации различных алгоритмов и структур данных понимание объектно ориентированного программирования знание шаблонов проектирования опыт проектирования и разработки микросервисов или высоконагруженных систем опыт проектирования бд умение писать и оптимизировать сложные запросы
53,ProjM,менеджер проектов сопровождение договоров на изготовление и поставку специальной трубопроводной арматуры для аэс разработка и ведение графиков по проекту взаимодействие с заказчиками и заводами изготовителями контроль соблюдения сроков этапов работ по проекту первичная подготовка и анализ договоров с контрагентами документооборот деловая переписка взаимодействие с контрагентами подготовка материалов к совещанию отчетов требования образование высшее опыт аналогичной работы уверенный пользователь пк ms office в том числе excel навыки чтения чертежей и технической документации контроль исполнения договоров и согласования ркд и ее загрузка на портал знание фнп
54,ProjM,менеджера на позицию senior project manager возглавить управление проектами в компании у каждого проекта есть свой project manager с целью повышения эффективности деятельности и дальнейшего роста компании у нас есть стратегия роста и вы можете стать частью нашей команды и помочь нам в ее реализации построение единой системы управления проектами внутри компании оценка и оптимизация внутренних бизнес процессов компании и проектов помощь в построении и внедрении процессов у проектных менеджеров проектов организация и контроль отчетности и бюджетирование у компании и проектов управление командой менеджеров успешный опыт в менеджменте в сфере it подкрепленный реальными кейсами опыт описания и внедрения бизнес процессов умение работать с финансовыми показателями проектов умение выстраивать процессы разработки по методологии scrum agile и базовых функций управления персоналом найм увольнение мотивация способность выражать мысли в письменной форме умение работать в условиях многозадачности развитые компетенции управления персоналом
55,ProjM,менеджера по проектам ит планировать работы по проекту вести график проекта координировать команду проекта контролировать выполнение работ по проекту вести документооборот по проекту внедрять результаты проекта в оперативную деятельность компании вашим преимуществом будет опыт работы в проектах внедрения по знание проектной методологии разработки по scrum agile kanban pmbok менеджера проектов ведение проектов по интеграции после m amp a поддержка заказчиков в запусках новых продуктов в россии и за рубежом разработка схем монетизации и документооборота постановка бизнес требований к автоматизации схемы в erp системах участие в оптимизации существующих процессов опыт ведения проектов разного уровня сложности в крупных компаниях знания в финансовом менеджменте опыт в автоматизации процессов
56,ProjM,технического менеджера инфраструктурных проектов с хорошим инженерным опытом которому предстоит развивать внутреннее облако яндекса от формулировки и согласования технических заданий до внедрения отвечать за проекты в инфраструктурном облаке от идеи до внедрения а в перспективе за развитие ключевых продуктов развивать процессы разработки взаимодействовать с группами разработки разных команд выявлять и оптимизировать основные пользовательские сценарии улучшать пользовательский опыт работали в роли менеджера проектов или руководили командой разработки в технологических проектах имеете хороший технический бэкграунд можете говорить с командой разработки на одном языке или сами писали код работали с инфраструктурными сервисами или хотите в них разобраться умеете выстраивать процессы и взаимодействие между командами не боитесь большого объёма задач и множества технологий умеете работать с данными понимаете как работает linux проектировали и разрабатывали распределённые и высоконагруженные сервисы строили облачные сервисы
57,ProjM,реализовывать внутренние проекты нужно будет вести как шаблонные проекты по которым уже есть обкатанный план работы так и новые непонятные проекты с брифом в формате сделайте красиво где нужно будет строить работу с нуля какие будут задачи планирование работы по проектам работа с заказчиками брифинг работа с ожиданиями информирование о ходе проекта сбор обратной связи и ее проработка ведение проектов определение пула задач назначение ответственных сотрудников контроль за выполнением задач и соблюдением дедлайнов опыт работы менеджером проектов опыт ведения проектов опыт работы со сложным технологическим продуктом экспертиза важно понимать особенности ца и то как мы на нее влияем
58,ProjM,менеджера проектов с опытом работы в заказной разработке нам нужен человек с хорошими коммуникативными навыками готовый брать на себя ответственность за результат ведение проектов по разработке приложений со сложным функционалом интеграциями с 1с и другими внешними системами оценка трудозатрат для новых проектов и участие в подготовке коммерческих предложений составление графиков разработки веб проектов декомпозиция задач клиента постановка задач исполнителям и контроль их выполнения контроль рентабельности проектов соблюдение внутренних стандартов и сроков выполнения проектов ведение внутренней и клиентской отчетности по проектам взаимодействие с клиентами согласование результатов работ ведение переговоров с клиентами деловая переписка проведение презентаций опыт управления процессом разработки веб проектов на всех этапах навыки общения с командой разработчиков и дизайнерами программистами понимание технической стороны процесса изготовления веб проектов на всех этапах коммуникабельность уверенность в себе организованность ответственность пунктуальность активная жизненная позиция аналитическое мышление плюсом будет опыт выполнения проектов по разработке
59,ProjM,junior project manager решать задачи в области доработки внутренних систем и бизнес процессов взаимодействовать с подрядчиками консультантами разработчиками 1с б24 bitrix составлять тз и принимать работы вести документацию по внедренным решениям писать инструкции проводить проверку актуальности и корректности данных на сайтах и маркетплейсах вносить изменения проводить регламентные операции проводить seo оптимизацию по инструкциям оказывать поддержку смежным подразделениям и пользователям в линейных технических вопросах самостоятельно находить пути решения поставленных задач строить из них процессы согласовывать с руководством и самостоятельно их курировать высшее техническое образование хорошее знание пк ms office 1с ут cms bitrix битрикс24
60,ProjM,реализовывать проекты по организационной диагностике организационный дизайн расчет численности аудит функций и процессов проводить бриф заказчика готовить концепцию проекта исследования формировать план график проекта распределять зоны ответственности готовить итоговые аналитические отчеты презентовать заказчику материалы знание методов расчета численности и нормирования труда анализа бизнес процессов опыт реализации проектов по управлению численностью персонала не производственный сектор опытный пользователь word excel сложные формулы сводные таблицы powerpoint навыки планирования и организации труда умение вести переговоры со сложными клиентами
61,QA,опыт разработки и ведения тестовой документации ведение инструкций и справочной информации в wiki чек листов тест кейсов тестовых наборов bug report ов опыт работы с багтрекинговыми системами опыт работы с базами данных опыт тестирования web приложений опыт автоматизированного тестирования web приложений опыт разработки на одном языке программирования опыт работы с инструментами ci cd gitlab jenkins опыт работы с фреймворком автоматизации specflow написание тест кейсов написание автотестов поддержка автотестов в рабочем состоянии поддержка тест кейсов в актуальном состоянии своевременное выявление и регистрация дефектов в баг трекинговой системе составление документации по тестированию отчеты статьи тесное взаимодействие с командой разработки и аналитиками участие в пресейловой и маркетинговой деятельности департамента участие во внутренних проектах направленных на развитие департамента участие во внутренних корпоративных тренингах и семинарах
62,QA,тестировщика внимательного к деталям выполнять как ручное тестирование так и писать автотесты для по сопровождать тестовую среду проводить функциональное тестирование составлять отчеты о результатах тестирования документировать обнаруженные ошибки и контролировать их исправление проводить автоматизированное и ручное тестирование с увеличением доли автоматизации работать с скв tfs git работать с инструментом отладки тестируемого окружения работа с сервисами по и сайтом создавать тестовые данные проходить некоторые из основных бп опыт написания автотестов или желание развиваться в этой сфере опыт автоматизации тестирования на c опыт тестирования api опыт работы с soap rest sql рабочие знания клиент серверной архитектуры
63,QA,планирование проведения работ по тестированию ресурсы график работы и сроки риски и т д определение и применение стратегии тестирования в рамках проектов по разработке и внедрению программных средств задач по реализации новых бизнес потребностей и сопровождения существующих программных средств формирование команды тестирования оценка трудозатрат организация подготовки тестовой среды организация работ по тест дизайну и выполнению тестирования управление дефектами управление командой тестирования и контроль выполнения задач по тестированию подготовка отчётности по тестированию оценка качества псмы и предоставление рекомендаций относительно готовности пс релиза патча к внедрению в продуктивную среду сбор метрик по тестированию анализ выполненных работ по тестированию и формирование выводов дальнейших действий на основе полученного опыта направленных на улучшение качества процесса тестирования опыт работы в качестве тим лида тестирования или старшего тестировщика опыт в функциональном тестировании от 15 лет
64,QA,руководителя команды тестирования организация команды тестирования подготовка стратегии методик и сценариев тестирования определение инструментальных средств для достижения целей тестирования разработка тестовых документов включая план тестирования внедрение использование framework ов автоматизации тестирования разработка и тестирование программного обеспечения опыт работы с инструментами ci умение работать с sql запросами понимание процесса тестирования типов тестирования и принципов их проведения понимание жизненного цикла разработки программного обеспечения различных методологий его разработки и места тестирования понимание принципов работы сетей уверенные знания ос семейства unix linux знание не менее 2 х языков программирования на уровне junior базовые знания различных методологий ведения проектов присоединяйтесь будем зажигать города вместе
65,QA,ручное тестирование и добиться максимальной автоматизации знаете основы java имеете опыт работы с бд с помощью sql умеете работать с git знаете теорию тестирования знаете и умеете применять практики тест дизайна умеете составлять баг репорты имеете опыт автоматизации тестирования и владеете junit имеете опыт тестирования api soapui readyapi postman имеете базовые знания по информационной безопасности и криптографии обязанности фиксация требований анализ требований разработка тест кейсов ручное тестирование разработка автотестов подготовка отчётов по результатам тестирования
66,QA,тестировщика функциональным регрессионным интеграционным тестированием по автоматизацией тестирования при наличии опыта автоматизации созданием тест планов и тест кейсов локализацией и заведением дефектов анализом проведенных авто тестов оптимизацией процессов исполнения задач знаешь виды и техники тестирования знаешь и имеешь опыт работы с фреймворками для автоматизации тестирования ui automator xcuitest kaspresso или selenide selenium обладаешь опытом составления тест кейсов использование gherkin нотаций знаешь основы ооп java kotlin swift и др понимаешь работу http rest json xml web service владеешь sql на уровне написания запросов с использованием join умеешь работать в команде думаешь о пользователях и ориентирован на результат
67,QA,qa engineer инженера который не только разбирается в практиках и инструментах тестирования но и обладает хорошими знаниями linux и сетей проведение ручного функционального регрессионного и не функционального тестирования решений компании анализ требований к продукту разработка и поддержка тестовых сценариев обнаружение документирование и отслеживание дефектов изучение взаимодействия с программными комплексами сторонних разработчиков отслеживание обновлений операционных систем используемых в продуктах компании участие в развитии и улучшении процессов разработки опыт тестирования по на коммерческих проектах отличное понимание процесса разработки по опыт работы с linux хорошее понимание сетевого стека tcp ipnetworking опыт работы с тестовой документацией тесты тест планы и т д опыт работы с баг трекером sql минимальное знание на уровне select from здоровый перфекционизм и работа на результат базовые знание языков программирования опыт работы с git testlink selenium опыт администрирования linux подобных операционных систем free bsd linux опыт работы с vmware workstation fusion hyper v virtual box
68,QA,инженера тестировщика на проект разработке программного обеспечения для работы с электронной подписью и построению защищенных соединений ручное и исследовательское тестирование на основе тест планов создание и актуализация тест планов тест дизайн ревью документации и требований моделирование проблем заказчиков и пользователей опыт системного администрирования технической поддержки и т п знание linux и windows на уровне продвинутого пользователя понимание принципов работы сети интернет и веб опыт тестирования или желание развиваться в этом направлении опыт работы с мобильными платформами знание andriod и ios на уровне продвинутого пользователя знание основ ооп и любого языка программирования
69,QA,ты опытный ответственный способный самостоятельно работать вовлеченный в общие процессы есть опыт тестирование мобильных и веб приложений знаешь теорию тестирования и умеешь правильно применять знания на практике понимаешь особенности мобильных os и жизненного цикла приложений знание английского языка intermediate и выше опыт в написании ui тестов для ios android тестировать различные интересные фичи ios android web определять что и как тестировать выделять необходимый скоуп санити тестов формировать чек листы проводить регресс определять необходимый объем регресса работа с testcaselab дефект менеджмент баг репорт флоу работа с тикетами и досками в jira участвовать в анализе требований в том числе на этапе бизнес идеи тестировать весь продукт автоматизация если будет желание
70,QA,qa команда подключается на этапе согласования тз помогает принимать решения по релизам фич общается с продактами разработчиками и техподдержкой отвечать за качество выпускаемого продукта выполняя основные задачи тестировщика проводить тест анализ и тест дизайн писать понятные тест кейсы и чек листы в testrail осуществлять процесс тестирования вручную и на наших собственных утилитах оценивать удобство использования нашего решения и влиять на его улучшение выполнять тестирование транспортных сценариев на мобильных устройствах опыт мобильного тестирования от двух лет опыт проведения функционального регрессионного тестирования знание методологий тестирования и практик тест дизайна следование принятым процессам разработки и тестирования инженеров с опытом и хорошими техническими знаниями опыт мобильного тестирования
71,SA,аналитик разработчик бд хранилищ данных опыт сбора и анализа требований заказчиков общения с бизнес пользователями для формализации их требований хорошее владение инструментами пакета ms office powerdesigner или похожими владение sql знание основ проектирования баз данных приветствуется опыт работы с субд oracle 9i 12c разработки на sql pl sql и опыт работы в сфере страхования разработка модификация и согласование функциональных и технических требований на основе бизнес требований на формирование управленческой и бухгалтерской отчётности компании сбор анализ и документирование функциональных требований к разрабатываемой отчетности консультирование разработчиков и бизнес заказчиков проверка реализации требований разработчиками
72,SA,разрабатывать и согласовывать архитектурные решения по поступающим задачам оценивать трудозатраты по задачам ставить задачи в разработку контролировать и принимать работы общаться с представителями бизнес подразделений для уточнения требований взаимодействовать с подрядчиками привлекаемыми к доработке программного обеспечения разрабатывать контрольные примеры для проведения приемочных испытаний участвовать в приемочных испытаниях при необходимости консультировать сотрудников отдела поддержки и бизнес пользователей опыт работы системным аналитиком от 2 лет опыт написания фт тз на доработку информационных систем фронт систем опыт работы с системами jira confluence или с аналогами знание основ формата и технологий обмена между различными системами xml json soap rest опыт написания простых запросов на sql select join знание нотаций описания бизнес процессов и умение перекладывать процесс в схему простая блок схема функциональная блок схема знание нотаций bpmn epc uml idef будет плюсом чтение программного кода умение читать и писать требования в формате openapi swagger
73,SA,сбор и анализ потребностей заказчика стейкхолдеров формирование и согласование системных требований со стейкхолдерами написание и согласование сценариев использования use cases диаграмм пользовательских историй user story формирование функциональных системных требований на разработку ис изучение возможностей продуктов платформ модулей смежных команд участие в проработке и согласовании технического решения по интеграции со смежными командами консультации контроль исполнения приемка накопление и поддержание экспертизы по продукту в базе знаний постановка задач разработчикам профессиональные знания знание основ проектирование бд и умение описания er диаграмм на уровне концептуальное проектирование логическое проектирование понимание нормализации в бд знание основных методологий умение описать диаграмму последовательностей uml диаграмму процесса в bpmn и др понимание современных подходов к проектированию и интеграции enterprise решений soap rest soa клиент серверная архитектура веб сервисы микросервисная архитектура умение проектировать api rest аналитические навыки умение делать анализ выделение главного и разбиение на сущности декомпозиция выделение атрибутов умение проводить синтез создание целостного видения и в последствии документа на основании разрозненных данных опыт участия в интеграционных проектах уровня предприятия 3 и более систем в качестве системного аналитика опыт проведения интервью сбора требований и сбора ос от пользователей и стейкхолдеров опыт написания сценариев использования use case пользовательских историй user story технический бэкграунд тех английский для чтения и понимания тех документации опыт работы в команде практикующей agile scrum kanban продуктовое мышление
74,SA,сбор и анализ требований взаимодействие с бизнес заказчиком проработка и детализация требований постановка задач по разработке нового доработке существующего функционала продукта формирование спецификаций требований объекты usecase диаграммы мокапы функциональные и не функциональные требования участие в проектировании архитектуры и схем взаимодействий согласование интеграции с другими системами координация процесса разработки тестирования приемки и введения в эксплуатацию ведение документации высокие коммуникативные навыки желание вникать в суть проблемы находить предлагать и отстаивать решение доносить решение до команды высшее образование аналитический склад ума умение структурировать информацию опыт участия в разработке мобильных приложений в качестве системного аналитика разработчика тестировщика менеджера продукта product owner а опыт написания тз usecase userstory знание uml нотаций и средств моделирования бизнес процессов понимание принципов микросервисной архитектуры что такое rest и знание http методов знание гибких методологий
75,SA,анализ бизнес требований разработка системных требований описание api и протоколов реализация задач по интеграции со сторонними сервисами согласование требований с владельцем продукта заказчиком методологами и аналитиками от смежных ас постановка задач разработчикам поддержка процесса разработки и тестирования ревью тест кейсов участие в проработке и принятии архитектурных решений подготовка экспресс оценок трудозатрат сроков в части аналитики участие в разборе инцидентов 3я линия поддержки анализ причин и последствий опыт работы в области системного анализаопыт написания документации функциональных требований бизнес требований технических спецификаций на разработку знание протоколов rest soap и контейнеров данных xml json для передачи информации между системами знание sql на базовом уровне select join case group by понимание принципов построения реляционных субд понимание нотаций моделирования bpmn хорошее понимание что такое нефункциональные требования зачем они нужны и как их описывать
76,SA,участвовать в аналитике и постановке задач написание постановок для разработчиков а также в развитии внутренний бизнес процессов и продукта описывать процессы bmpm uml userstory usecases готовить спецификации требований к по и другие документы описание и поддержка актуальных требований в confluence обеспечивать взаимодействие с коллегами в комфортных для всех форматах выделять время на поиск возможностей улучшить существующие процессы опыт сбора и анализа требований к информационным системам уверенное знание сетевых протоколов rest и soap работа с confluence jira анализ и документирование существующей реализации информационных систем постановка задач с детальным описанием разработчикам моделирование бизнес процессов понимание стандартов проектирования информационных систем высокие коммуникативные навыки
77,SA,сбор бизнес требований и описание бизнес процессов участие в разработке архитектуры решения описание технических требований знание нотаций bpmn опыт работы с описанием api опыт разработки и описания бизнес процессов as is to be опыт работы с брокерами сообщений kafka rabbitmq
78,SA,опыт работы системным или интеграционным или ит аналитиком участие во всех жизненных циклах разработки программного обеспечения проектирование аналитика разработка тестирование внедрение сопровождение внедрения и внедренных решений в качестве системного аналитика архитектора или разработчика проектирование интеграционных решений и взаимодействий знание sql умение работать с большими объемами данных разработка технической документации к по использование субд oracle ms sql postgresql знание процесса сбора и реализации требований типы трассировка валидация и т п знание нотаций uml bpmn 2 0 и умение их применять сбор анализ формализация требований в виде типовых документов техническое задание детальные бизнес требования согласование с заказчиком анализ структуры и состава данных смежных систем форматов интеграций постановка и контроль исполнения задач на разработку валидация тестовых сценариев участие в приемо сдаточных испытаниях разбор анализ инцидентов и дефектов проектирование потоков данных и интеграционных решений формальное описание согласование решений
79,SA,аналитика для работы над интересными задачами сбор и документирование бизнес функциональных требований описание бизнес логики разрабатываемого продукта проектирование use cases проектирование внутрисистемных и внешних интеграций opc проектирование реляционных бд на уровне логической модели взаимодействие с командами разработки и дизайна формирование прототипов пользовательского интерфейса участие в рабочих совещаниях с заказчиком написание пользовательской документации руководства инструкции понимание жизненного цикла процесса разработки от сбора требований до ввода в эксплуатацию общее понимание архитектуры навыки проектирования реляционных баз данных умение формировать простые sql запросы навыки проектирования er диаграмм навыки декомпозиции работ по аналитике и для продукта в целом навыки описание диаграмм в uml sequence activity хорошее знание и опыт использования инструментов визуализации figma visio miro draw io и пр опыт ведения переговоров проведения презентаций опыт работы с плк знания тау
80,SA,старшего системного аналитика на проекты по развитию хранилищ интеграции и миграции данных в департамент аналитических решений команда департамента занимается всеми современными направлениями в области работы с данными внедрением bi систем и систем аналитической отчетности проектированием сложных хранилищ и витрин данных взаимодействовать с бизнес аналитиками команды и архитектором для формирования тз и постановок на разработку разрабатывать логические модели данных совместно с архитектором и бизнес аналитиком проводить анализ источников данных разработку спецификаций на интеграционное взаимодействие на основе логических моделей данных и описаний источников формировать требования по сбору данных и расчету требуемых показателей взаимодействовать с командой разработки для контроля разработки по подготовленным тз и постановкам участвовать в разработке проектной и эксплуатационной документации участвовать в тестировании разработанного функционала участвовать в процессах сверки данных верификация качества данных участвовать в поддержке системы в опытной и постоянной эксплуатации курировать команду аналитиков опыт взаимодействия с командой разработки опыт работы с реляционными бд sql для формирования постановок разработчикам написание sql запросов опыт работы с функциональными требования для формирования тз опыт подготовки проектной документации технические задания на разработку операционные инструкции и т д знание принципов разработки по проектирования приложений в части бд плюсом будет навык работы с системами проектирования логических физичеcких моделей данных например sap power designer
81,UXUI,ui ux дизайнера ui ux дизайн мобильных приложений веб приложений сайта поддержка и развитие дизайн системы проекта улучшение и исправление технических недоработок в дизайне по ранее разработанным проектам развитие уже существующих продуктов при полной поддержке главного дизайнера figma на уверенном уровне работа с компонентами auto layout variants аккуратность в дизайне опыт в разработке дизайна мобильных приложений ios android опыт и понимание работы с адаптивной версткой в вебе
82,UXUI,создавать целостный продукт и участвовать на всех стадиях разработки его дизайна прототипирование wireframe проектирование тестирование отрисовка сопровождение проектировать страницы сайта интерфейсы веб сервиса desktop mobile версия сайта придумывать как упаковать сложные процессы в простые и понятные интерфейсы создавать и развивать дизайн систему в продукте создавать и изучать продукт для максимального комфортного взаимодействия пользователя с продуктом исследовать продукты и интерфейсы конкурентов для понимания удачных и неудачных решений делать предложения по улучшению интерфейсов в продукте много общаться с командой другими дизайнерами продактами бизнес заказчиками разработчиками и другими участниками продукта контролировать качество реализации макетов разработчиками дизайнерский надзор опыт продуктового дизайна в вебе уверенное владение figma портфолио на dribbble behance или другом ресурсе работа с основными составляющими дизайна интерфейса типографика макет цвет иконки анимация умение работать вместе с продакт менеджером и разработкой опыт разработки адаптивного дизайна под различные устройства понимание принципов юзабилити знание методологий разработки дизайна cjm метод персон и др понимать и применять продуктовые подходы к дизайну которые решают проблемы пользователей и способствуют достижению целей бизнеса
83,UXUI,продуктового дизайнера развивать отдельную часть продукта cоздавать низкоуровневые и высокоуровневые прототипы дизайн концепты формулировать интерфейсные гипотезы проектировать решения в figma участвовать в исследованиях вместе с ux лабораторией отвечать за весь процесс создания решения взаимодействовать с аналитиками разработчиками другими дизайнерами опыт работы с дизайн системой ui kit и figma опыт инициации количественных исследований или качественных юзабилити тестирований хорошая насмотренность в дизайне которую ты применяешь на практике понимание как довести придуманную концепцию до прода в том виде в котором её задумали
84,UXUI,ui ux дизайнера вести и развивать ui кит а так же заниматься развитием самого продукта опыт создания и ведения дизайн систем будет большим плюсом опыт работы над сложными продуктами блестящее знание figma ответственность и внимательность понимание принципов веб и мобильной разработки развивать библиотеку компонентов для мобильного приложения и сайта нескольких продуктов в сотрудничестве с продуктовыми дизайнерами cоздавать новые компоненты и улучшать существующие тесно взаимодействовать с разработчиками из трёх платформ ios android и web следить за внедрением компонентов в продуктах
85,UXUI,ux аналитика для улучшения интерфейсов мобильной ос проведение качественных и количественных исследований интервью лабораторные коридорные a b опросники отслеживание анализ документирование и актуализация требований совместная работа по уточнению требований с командами разработки тестирования внедрения технической поддержки и т д прямое участие в разработке элементов пользовательских интерфейсов шаблонов интерактивных прототипов документации высшее техническое it образование опыт работы с мобильными операционными системами и приложениями понимание общих концепций ui ux мобильных операционных систем знание гайдлайнов понимать как устроен цифровой продукт и понимать процессы по его дизайну и реализации уметь качественно анализировать данные на выходе и аргументированно предлагать решения по улучшению открытость коммуникабельность желание работать в команде умение выстраивать свою работу умение пользоваться инструментами figma balsamiq mockup draw io jira confluence или их ближайшими аналогами знакомство с qt framework и или qml опыт использования других операционных систем для мобильных устройств sailfish ubuntu touch ubports maemo meego tizen firefox os pureos и др или кастомных прошивок cyanogenmod lineageos и др
86,UXUI,middle senior дизайнера ux ui не только в проектировании но и в визуальной части проектировать и оформлять сайты и мобильные приложения для крупных клиентов интернет магазины корпоративные сайты приложения промо проекты в сфере культуры образования историко просветительской и научной деятельности поддерживать уже работающие проекты улучшая их дизайн общаться с командами разработки как внутри так и на стороне подрядчиков имеете сильное портфолио с примерами работающих проектов владеете высоким качеством визуала типографикой и графическим дизайном имеете опыт создания дизайн систем и ui китов понимаете принципы верстки и веб разработки умеете разговаривать на одном языке с разработчиками и аналитиками обладаете опытом работы в команде способны вести несколько проектов одновременно соблюдаете дедлайны умеете создавать 3d графику работали с видео и 2d анимацией участвовали в пользовательских тестированиях и умеете их проводить опыт работы с нейросетями важно при отклике на вакансию просьба прикреплять ссылку на behance dribbble или личный сайт
87,UXUI,поддержка и развитие фирменного стиля компании разработка креативов для рекламы и соцсетей преимущественно вконтакте telegram яндекс дизайн и верстка презентаций для внешних мероприятий и топ менеджмента в power point дизайн сайта проекта разработка лендинг страниц figma tilda дизайн печатной и сувенирной продукции для мероприятий стикер паки мерч pos материалы подготовка файлов к типографской печати предложение современных решений к существующим наработкам имеешь релевантный опыт работы дизайнером от 2 лет портфолио обязательно имеешь опыт самостоятельного ведения проектов под ключ работаешь с adobe сс illustrator photoshop figma ms powerpoint знаешь принципы создания презентаций знаешь и применяешь в работе тенденции дизайна знаешь особенности предпечатной подготовки умеешь создавать целостные визуальные решения включая брошюры инфографику презентации плакаты визуализацию данных корпоративные коммуникации web баннеры маркетинговые материалы и материалы для мероприятий
88,UXUI,изучать пользовательский опыт предлагать защищать и реализовывать его улучшения формировать кликабельные модели прототипов для проверки гипотез в figma анализировать исследовать декомпозировать проектировать клиентский путь выстраивать эффективные коммуникации между дизайн командой и руководителем проекта опыт продуктового дизайна от 3 х лет опыт применения продуктовых подходов к дизайну знание продуктовых метрик знание figma и необходимых программ для выполнения проектов figma jira confluence хорошее понимание клиентского пути cjm уметь проводить ресерч и предлагать различные варианты визуализации умение управлять своей нагрузкой и равномерно распределять ее по всем задачам умение вести сразу несколько проектов и легко переключаться между задачами разного масштаба навык исследования пользовательского опыта умение и желание предлагать защищать и реализовывать его улучшения способность оперировать продуктовыми метриками
89,UXUI,ui ux дизайнера проектировать и отрисовывать полезные удобные сервисы мобильные приложения и сайты подготавливать материалы для разработчиков контролировать реализацию постоянно взаимодействовать с заказчиком и командой аргументированно отстаивать свои решения перед заказчиком при отклике напишите о своем коммерческом опыте и прикрепите ссылку на портфолио с примерами сервисов мобильные приложений и сайтов опыт проектирования интерфейсов и готовность развиваться дальше хорошее знание трендов гайдов интерфейсов ux и ui понимание того как делают интерфейсы от аналитики до конечной реализации умение создавать wireframes а также создавать интерактивные прототипы invision principle etc знание специфики работы с различными платформами ios android их возможностей и ограничений уверенное знание figma понимание верстки интерфейсов владение композицией сеткой типографикой и цветоведением ответственность за работу и результат соблюдение сроков навыки иллюстрации анимации
90,UXUI,анализировать входящие данные проблему пользовательские роли user story технические ограничения метрики и т д проводить анализ конкурентов собирать референсы строит user flow формулировать интерфейсные гипотезы и подбирать метрики успеха собирать кликабельные прототипы проектировать интерфейсы с чистым аккуратным и красивым ui проводить ux тесты презентовать своё решение команде продукта готовить макеты к передаче в разработку писать спецификацию к макетам разрабатывать и описывать новые компоненты для дизайн системы проводить ревью реализованного функционала участвовать в перекрестном дизайн ревью портфолио ux ui дизайнер уверенное владение figma auto layout constraints компоненты стили понимание принципов адаптивного дизайна опыт работы над сложными интерфейсами e commerce crm erp self service навыки написания спецификаций к макетам
